"id","sequence","description","invoice_label","type_tax_use","name","description@es","description@ca","amount","amount_type","tax_group_id","analytic","l10n_es_type","l10n_es_exempt_reason","l10n_es_bien_inversion","tax_scope","include_base_amount","repartition_line_ids/repartition_type","repartition_line_ids/tag_ids","repartition_line_ids/document_type","repartition_line_ids/account_id","repartition_line_ids/factor_percent","invoice_label@es","children_tax_ids"

"account_tax_template_s_igic0b","0","IGIC 0% (Bienes)","IGIC 0%","sale","0% G Can","IGIC 0% (Bienes)","IGIC 0% (béns)","0.0","percent","tax_group_igic_0","","sujeto","","","consu","","base","","invoice","","","",""
"","","","","","","","","","","","","","","","","","tax","","invoice","account_common_canary_4777","","",""
"","","","","","","","","","","","","","","","","","base","","refund","","","",""
"","","","","","","","","","","","","","","","","","tax","","refund","account_common_canary_4777","","",""
"account_tax_template_p_igic0_bc","0","IGIC 0% (Bienes)","IGIC 0%","purchase","0% G INC Can","0% IGIC soportado (bienes corrientes)","0% IGIC (béns corrents)","0.0","percent","tax_group_igic_0","","sujeto","","","consu","","base","","invoice","","","",""
"","","","","","","","","","","","","","","","","","tax","","invoice","account_common_canary_4727","","",""
"","","","","","","","","","","","","","","","","","base","","refund","","","",""
"","","","","","","","","","","","","","","","","","tax","","refund","account_common_canary_4727","","",""

"account_tax_template_s_igic3b","0","IGIC 3% (Bienes)","IGIC 3%","sale","3% G Can","IGIC 3% (Bienes)","IGIC 3% (béns)","3.0","percent","tax_group_igic_3","","sujeto","","","consu","","base","","invoice","","","",""
"","","","","","","","","","","","","","","","","","tax","","invoice","account_common_canary_4777","","",""
"","","","","","","","","","","","","","","","","","base","","refund","","","",""
"","","","","","","","","","","","","","","","","","tax","","refund","account_common_canary_4777","","",""
"account_tax_template_p_igic3_bc","0","IGIC 3% (Bienes)","IGIC 3%","purchase","3% G INC Can","3% IGIC soportado (bienes corrientes)","3% IGIC (béns corrents)","3.0","percent","tax_group_igic_3","","sujeto","","","consu","","base","","invoice","","","",""
"","","","","","","","","","","","","","","","","","tax","","invoice","account_common_canary_4727","","",""
"","","","","","","","","","","","","","","","","","base","","refund","","","",""
"","","","","","","","","","","","","","","","","","tax","","refund","account_common_canary_4727","","",""

"account_tax_template_s_igic7b","0","IGIC 7% (Bienes)","IGIC 7%","sale","7% G Can","IGIC 7% (Bienes)","IGIC 7% (béns)","7.0","percent","tax_group_igic_7","","sujeto","","","consu","","base","","invoice","","","",""
"","","","","","","","","","","","","","","","","","tax","","invoice","account_common_canary_4777","","",""
"","","","","","","","","","","","","","","","","","base","","refund","","","",""
"","","","","","","","","","","","","","","","","","tax","","refund","account_common_canary_4777","","",""
"account_tax_template_p_igic7_bc","0","IGIC 7% (Bienes)","IGIC 7%","purchase","7% G INC Can","7% IGIC soportado (bienes corrientes)","7% IGIC (béns corrents)","7.0","percent","tax_group_igic_7","","sujeto","","","consu","","base","","invoice","","","",""
"","","","","","","","","","","","","","","","","","tax","","invoice","account_common_canary_4727","","",""
"","","","","","","","","","","","","","","","","","base","","refund","","","",""
"","","","","","","","","","","","","","","","","","tax","","refund","account_common_canary_4727","","",""

"account_tax_template_s_igic95b","0","IGIC 9,5% (Bienes)","IGIC 9,5%","sale","9,5% G Can","IGIC 9,5% (Bienes)","IGIC 9,5% (béns)","9.5","percent","tax_group_igic_95","","sujeto","","","consu","","base","","invoice","","","",""
"","","","","","","","","","","","","","","","","","tax","","invoice","account_common_canary_4777","","",""
"","","","","","","","","","","","","","","","","","base","","refund","","","",""
"","","","","","","","","","","","","","","","","","tax","","refund","account_common_canary_4777","","",""
"account_tax_template_p_igic95_bc","0","IGIC 9,5% (Bienes)","IGIC 9,5%","purchase","9,5% G INC Can","9,5% IGIC soportado (bienes corrientes)","9,5% IGIC (béns corrents)","9.5","percent","tax_group_igic_95","","sujeto","","","consu","","base","","invoice","","","",""
"","","","","","","","","","","","","","","","","","tax","","invoice","account_common_canary_4727","","",""
"","","","","","","","","","","","","","","","","","base","","refund","","","",""
"","","","","","","","","","","","","","","","","","tax","","refund","account_common_canary_4727","","",""

"account_tax_template_s_igic15b","0","IGIC 15% (Bienes)","IGIC 15%","sale","15% G Can","IGIC 15% (Bienes)","IGIC 15% (béns)","15.0","percent","tax_group_igic_15","","sujeto","","","consu","","base","","invoice","","","",""
"","","","","","","","","","","","","","","","","","tax","","invoice","account_common_canary_4777","","",""
"","","","","","","","","","","","","","","","","","base","","refund","","","",""
"","","","","","","","","","","","","","","","","","tax","","refund","account_common_canary_4777","","",""
"account_tax_template_p_igic15_bc","0","IGIC 15% (Bienes)","IGIC 15%","purchase","15% G INC Can","15% IGIC soportado (bienes corrientes)","15% IGIC (béns corrents)","15.0","percent","tax_group_igic_15","","sujeto","","","consu","","base","","invoice","","","",""
"","","","","","","","","","","","","","","","","","tax","","invoice","account_common_canary_4727","","",""
"","","","","","","","","","","","","","","","","","base","","refund","","","",""
"","","","","","","","","","","","","","","","","","tax","","refund","account_common_canary_4727","","",""

"account_tax_template_s_igic20b","0","IGIC 20% (Bienes)","IGIC 20%","sale","20% G Can","IGIC 20% (Bienes)","IGIC 20% (béns)","20.0","percent","tax_group_igic_20","","sujeto","","","consu","","base","","invoice","","","",""
"","","","","","","","","","","","","","","","","","tax","","invoice","account_common_canary_4777","","",""
"","","","","","","","","","","","","","","","","","base","","refund","","","",""
"","","","","","","","","","","","","","","","","","tax","","refund","account_common_canary_4777","","",""
"account_tax_template_p_igic20_bc","0","IGIC 20% (Bienes)","IGIC 20%","purchase","20% G INC Can","20% IGIC soportado (bienes corrientes)","20% IGIC (béns corrents)","20.0","percent","tax_group_igic_20","","sujeto","","","consu","","base","","invoice","","","",""
"","","","","","","","","","","","","","","","","","tax","","invoice","account_common_canary_4727","","",""
"","","","","","","","","","","","","","","","","","base","","refund","","","",""
"","","","","","","","","","","","","","","","","","tax","","refund","account_common_canary_4727","","",""

"account_tax_template_s_igic_ISP0b","0","IGIC 0% Venta con Inversión del Sujeto Pasivo","IGIC 0% ISP","sale","0% G ISP Can","IGIC 0% Venta con Inversión del Sujeto Pasivo","IGIC 0% Venta con Inversión del Sujeto Pasivo","0.0","percent","tax_group_igic_0","","sujeto","","","consu","","base","","invoice","","","",""
"","","","","","","","","","","","","","","","","","tax","","invoice","account_common_canary_4777","","",""
"","","","","","","","","","","","","","","","","","base","","refund","","","",""
"","","","","","","","","","","","","","","","","","tax","","refund","account_common_canary_4777","","",""
"account_tax_template_p_igic_ISP0bc","0","IGIC 0% Compra con Inversión del Sujeto Pasivo","IGIC 0% ISP","purchase","0% G INC ISP Can","0% IGIC Soportado Compra con Inversión del Sujeto Pasivo","0% IGIC Soportado Compra con Inversión del Sujeto Pasivo","0.0","percent","tax_group_igic_0","","sujeto","","","consu","","base","","invoice","","","",""
"","","","","","","","","","","","","","","","","","tax","","invoice","account_common_canary_4727","","",""
"","","","","","","","","","","","","","","","","","base","","refund","","","",""
"","","","","","","","","","","","","","","","","","tax","","refund","account_common_canary_4727","","",""

"account_tax_template_s_igic_ISP3b","0","IGIC 3% Venta con Inversión del Sujeto Pasivo","IGIC 3% ISP","sale","3% G ISP Can","IGIC 3% Venta con Inversión del Sujeto Pasivo","IGIC 3% Venta con Inversión del Sujeto Pasivo","3.0","percent","tax_group_igic_3","","sujeto","","","consu","","base","","invoice","","","",""
"","","","","","","","","","","","","","","","","","tax","","invoice","account_common_canary_4777","","",""
"","","","","","","","","","","","","","","","","","base","","refund","","","",""
"","","","","","","","","","","","","","","","","","tax","","refund","account_common_canary_4777","","",""
"account_tax_template_p_igic_ISP3bc","0","IGIC 3% Compra con Inversión del Sujeto Pasivo","IGIC 3% ISP","purchase","3% G INC ISP Can","3% IGIC Soportado Compra con Inversión del Sujeto Pasivo","3% IGIC Soportado Compra con Inversión del Sujeto Pasivo","3.0","percent","tax_group_igic_3","","sujeto","","","consu","","base","","invoice","","","",""
"","","","","","","","","","","","","","","","","","tax","","invoice","account_common_canary_4727","","",""
"","","","","","","","","","","","","","","","","","base","","refund","","","",""
"","","","","","","","","","","","","","","","","","tax","","refund","account_common_canary_4727","","",""

"account_tax_template_s_igic_ISP7b","0","IGIC 7% Venta con Inversión del Sujeto Pasivo","IGIC 7% ISP","sale","7% G ISP Can","IGIC 7% Venta con Inversión del Sujeto Pasivo","IGIC 7% Venta con Inversión del Sujeto Pasivo","7.0","percent","tax_group_igic_7","","sujeto","","","consu","","base","","invoice","","","",""
"","","","","","","","","","","","","","","","","","tax","","invoice","account_common_canary_4777","","",""
"","","","","","","","","","","","","","","","","","base","","refund","","","",""
"","","","","","","","","","","","","","","","","","tax","","refund","account_common_canary_4777","","",""
"account_tax_template_p_igic_ISP7bc","0","IGIC 7% Compra con Inversión del Sujeto Pasivo","IGIC 7% ISP","purchase","7% G INC ISP Can","7% IGIC Soportado Compra con Inversión del Sujeto Pasivo","7% IGIC Soportado Compra con Inversión del Sujeto Pasivo","7.0","percent","tax_group_igic_7","","sujeto","","","consu","","base","","invoice","","","",""
"","","","","","","","","","","","","","","","","","tax","","invoice","account_common_canary_4727","","",""
"","","","","","","","","","","","","","","","","","base","","refund","","","",""
"","","","","","","","","","","","","","","","","","tax","","refund","account_common_canary_4727","","",""

"account_tax_template_s_igic_ISP95b","0","IGIC 9,5% Venta con Inversión del Sujeto Pasivo","IGIC 9,5% ISP","sale","9,5% G ISP Can","IGIC 9,5% Venta con Inversión del Sujeto Pasivo","IGIC 9,5% Venta con Inversión del Sujeto Pasivo","9.5","percent","tax_group_igic_95","","sujeto","","","consu","","base","","invoice","","","",""
"","","","","","","","","","","","","","","","","","tax","","invoice","account_common_canary_4777","","",""
"","","","","","","","","","","","","","","","","","base","","refund","","","",""
"","","","","","","","","","","","","","","","","","tax","","refund","account_common_canary_4777","","",""
"account_tax_template_p_igic_ISP95bc","0","IGIC 9,5% Compra con Inversión del Sujeto Pasivo","IGIC 9,5% ISP","purchase","9,5% G INC ISP Can","9,5% IGIC Soportado Compra con Inversión del Sujeto Pasivo","9,5% IGIC Soportado Compra con Inversión del Sujeto Pasivo","9.5","percent","tax_group_igic_95","","sujeto","","","consu","","base","","invoice","","","",""
"","","","","","","","","","","","","","","","","","tax","","invoice","account_common_canary_4727","","",""
"","","","","","","","","","","","","","","","","","base","","refund","","","",""
"","","","","","","","","","","","","","","","","","tax","","refund","account_common_canary_4727","","",""

"account_tax_template_s_igic_ISP15b","0","IGIC 15% Venta con Inversión del Sujeto Pasivo","IGIC 15% ISP","sale","15% G ISP Can","IGIC 15% Venta con Inversión del Sujeto Pasivo","IGIC 15% Venta con Inversión del Sujeto Pasivo","15.0","percent","tax_group_igic_15","","sujeto","","","consu","","base","","invoice","","","",""
"","","","","","","","","","","","","","","","","","tax","","invoice","account_common_canary_4777","","",""
"","","","","","","","","","","","","","","","","","base","","refund","","","",""
"","","","","","","","","","","","","","","","","","tax","","refund","account_common_canary_4777","","",""
"account_tax_template_p_igic_ISP15bc","0","IGIC 15% Compra con Inversión del Sujeto Pasivo","IGIC 15% ISP","purchase","15% G INC ISP Can","15% IGIC Soportado Compra con Inversión del Sujeto Pasivo","15% IGIC Soportado Compra con Inversión del Sujeto Pasivo","15.0","percent","tax_group_igic_15","","sujeto","","","consu","","base","","invoice","","","",""
"","","","","","","","","","","","","","","","","","tax","","invoice","account_common_canary_4727","","",""
"","","","","","","","","","","","","","","","","","base","","refund","","","",""
"","","","","","","","","","","","","","","","","","tax","","refund","account_common_canary_4727","","",""

"account_tax_template_s_igic_ISP20b","0","IGIC 20% Venta con Inversión del Sujeto Pasivo","IGIC 20% ISP","sale","20% G ISP Can","IGIC 20% Venta con Inversión del Sujeto Pasivo","IGIC 20% Venta con Inversión del Sujeto Pasivo","20.0","percent","tax_group_igic_20","","sujeto","","","consu","","base","","invoice","","","",""
"","","","","","","","","","","","","","","","","","tax","","invoice","account_common_canary_4777","","",""
"","","","","","","","","","","","","","","","","","base","","refund","","","",""
"","","","","","","","","","","","","","","","","","tax","","refund","account_common_canary_4777","","",""
"account_tax_template_p_igic_ISP20bc","0","IGIC 20% Compra con Inversión del Sujeto Pasivo","IGIC 20% ISP","purchase","20% G INC ISP Can","20% IGIC Soportado Compra con Inversión del Sujeto Pasivo","20% IGIC Soportado Compra con Inversión del Sujeto Pasivo","20.0","percent","tax_group_igic_20","","sujeto","","","consu","","base","","invoice","","","",""
"","","","","","","","","","","","","","","","","","tax","","invoice","account_common_canary_4727","","",""
"","","","","","","","","","","","","","","","","","base","","refund","","","",""
"","","","","","","","","","","","","","","","","","tax","","refund","account_common_canary_4727","","",""

"account_tax_template_s_igic_ex0b","0","IGIC 0% (Exportaciones)","IGIC 0% Export","sale","0% G Exp Can","IGIC 0% (Exportaciones)","IGIC 0% (Exportaciones)","0.0","percent","tax_group_igic_0","","sujeto","","","consu","","base","","invoice","","","",""
"","","","","","","","","","","","","","","","","","tax","","invoice","account_common_canary_4777","","",""
"","","","","","","","","","","","","","","","","","base","","refund","","","",""
"","","","","","","","","","","","","","","","","","tax","","refund","account_common_canary_4777","","",""

"account_tax_template_s_igic_ex_b","0","IGIC Exento Repercutido","IGIC Exento","sale","0% G Exento Can","IGIC Exento","IGIC Exento","0.0","percent","tax_group_igic_ex","","sujeto","","","consu","","base","","invoice","","","",""
"","","","","","","","","","","","","","","","","","tax","","invoice","account_common_canary_4777","","",""
"","","","","","","","","","","","","","","","","","base","","refund","","","",""
"","","","","","","","","","","","","","","","","","tax","","refund","account_common_canary_4777","","",""
"account_tax_template_p_igic_ex_bc","0","IGIC Exento Soportado","IGIC Exento","purchase","0% G INC Exento Can","IGIC Exento","IGIC Exento","0.0","percent","tax_group_igic_ex","","sujeto","","","consu","","base","","invoice","","","",""
"","","","","","","","","","","","","","","","","","tax","","invoice","account_common_canary_4727","","",""
"","","","","","","","","","","","","","","","","","base","","refund","","","",""
"","","","","","","","","","","","","","","","","","tax","","refund","account_common_canary_4727","","",""

"account_tax_template_s_igic_cmino_b","0","Exento por Comercio minorista","Exento Com.Minorista","sale","0% G Ex.CMino Can","Exento por Comercio minorista","Exento por Comercio minorista","0.0","percent","tax_group_igic_cmino","","sujeto","","","consu","","base","","invoice","","","",""
"","","","","","","","","","","","","","","","","","tax","","invoice","account_common_canary_4777","","",""
"","","","","","","","","","","","","","","","","","base","","refund","","","",""
"","","","","","","","","","","","","","","","","","tax","","refund","account_common_canary_4777","","",""
"account_tax_template_p_igic_cmino_bc","0","Exento por Comercio minorista","Exento Com.Minorista","purchase","0% G INC Ex.CMino Can","Exento por Comercio minorista","Exento por Comercio minorista","0.0","percent","tax_group_igic_ex","","sujeto","","","consu","","base","","invoice","","","",""
"","","","","","","","","","","","","","","","","","tax","","invoice","account_common_canary_4727","","",""
"","","","","","","","","","","","","","","","","","base","","refund","","","",""
"","","","","","","","","","","","","","","","","","tax","","refund","account_common_canary_4727","","",""

"account_tax_template_s_igic3_cmino_b","0","IGIC 3% Repercutido (Comercio Minorista)","IGIC 3% Com.Minorista","sale","3% G CMino Can","IGIC 3% (Comercio Minorista)","IGIC 3% (Comercio Minorista)","2.1","percent","tax_group_igic_cmino","","sujeto","","","consu","","base","","invoice","","","",""
"","","","","","","","","","","","","","","","","","tax","","invoice","account_common_canary_4777","","",""
"","","","","","","","","","","","","","","","","","base","","refund","","","",""
"","","","","","","","","","","","","","","","","","tax","","refund","account_common_canary_4777","","",""
"account_tax_template_p_igic3_cmino_bc","0","IGIC 3% Soportado (Comercio Minorista)","IGIC 3% Com.Minorista","purchase","3% G INC CMino Can","3% IGIC soportado (Comercio Minorista)","3% IGIC (Comercio Minorista)","2.1","percent","tax_group_igic_cmino","","sujeto","","","consu","","base","","invoice","","","",""
"","","","","","","","","","","","","","","","","","tax","","invoice","account_common_canary_4727","","",""
"","","","","","","","","","","","","","","","","","base","","refund","","","",""
"","","","","","","","","","","","","","","","","","tax","","refund","account_common_canary_4727","","",""

"account_tax_template_s_igic7_cmino_b","0","IGIC 7% Repercutido (Comercio Minorista)","IGIC 7% Com.Minorista","sale","7% G CMino Can","IGIC 7% (Comercio Minorista)","IGIC 7% (Comercio Minorista)","4.9","percent","tax_group_igic_cmino","","sujeto","","","consu","","base","","invoice","","","",""
"","","","","","","","","","","","","","","","","","tax","","invoice","account_common_canary_4777","","",""
"","","","","","","","","","","","","","","","","","base","","refund","","","",""
"","","","","","","","","","","","","","","","","","tax","","refund","account_common_canary_4777","","",""
"account_tax_template_p_igic7_cmino_bc","0","IGIC 7% Soportado (Comercio Minorista)","IGIC 7% Com.Minorista","purchase","7% G INC CMino Can","7% IGIC soportado (Comercio Minorista)","7% IGIC (Comercio Minorista)","4.9","percent","tax_group_igic_cmino","","sujeto","","","consu","","base","","invoice","","","",""
"","","","","","","","","","","","","","","","","","tax","","invoice","account_common_canary_4727","","",""
"","","","","","","","","","","","","","","","","","base","","refund","","","",""
"","","","","","","","","","","","","","","","","","tax","","refund","account_common_canary_4727","","",""

"account_tax_template_s_igic95_cmino_b","0","IGIC 9,5% Repercutido (Comercio Minorista)","IGIC 9,5% Com.Minorista","sale","9,5% G CMino Can","IGIC 9,5% (Comercio Minorista)","IGIC 9,5% (Comercio Minorista)","6.65","percent","tax_group_igic_cmino","","sujeto","","","consu","","base","","invoice","","","",""
"","","","","","","","","","","","","","","","","","tax","","invoice","account_common_canary_4777","","",""
"","","","","","","","","","","","","","","","","","base","","refund","","","",""
"","","","","","","","","","","","","","","","","","tax","","refund","account_common_canary_4777","","",""
"account_tax_template_p_igic95_cmino_bc","0","IGIC 9,5% Soportado (Comercio Minorista)","IGIC 9,5% Com.Minorista","purchase","9,5% G INC CMino Can","9,5% IGIC soportado (Comercio Minorista)","9,5% IGIC (Comercio Minorista)","6.65","percent","tax_group_igic_cmino","","sujeto","","","consu","","base","","invoice","","","",""
"","","","","","","","","","","","","","","","","","tax","","invoice","account_common_canary_4727","","",""
"","","","","","","","","","","","","","","","","","base","","refund","","","",""
"","","","","","","","","","","","","","","","","","tax","","refund","account_common_canary_4727","","",""

"account_tax_template_s_igic15_cmino_b","0","IGIC 15% Repercutido (Comercio Minorista)","IGIC 15% Com.Minorista","sale","15% G CMino Can","IGIC 15% (Comercio Minorista)","IGIC 15% (Comercio Minorista)","10.5","percent","tax_group_igic_cmino","","sujeto","","","consu","","base","","invoice","","","",""
"","","","","","","","","","","","","","","","","","tax","","invoice","account_common_canary_4777","","",""
"","","","","","","","","","","","","","","","","","base","","refund","","","",""
"","","","","","","","","","","","","","","","","","tax","","refund","account_common_canary_4777","","",""
"account_tax_template_p_igic15_cmino_bc","0","IGIC 15% Soportado (Comercio Minorista)","IGIC 15% Com.Minorista","purchase","15% G INC CMino Can","15% IGIC soportado (Comercio Minorista)","15% IGIC (Comercio Minorista)","10.5","percent","tax_group_igic_cmino","","sujeto","","","consu","","base","","invoice","","","",""
"","","","","","","","","","","","","","","","","","tax","","invoice","account_common_canary_4727","","",""
"","","","","","","","","","","","","","","","","","base","","refund","","","",""
"","","","","","","","","","","","","","","","","","tax","","refund","account_common_canary_4727","","",""

"account_tax_template_s_igic20_cmino_b","0","IGIC 20% Repercutido (Comercio Minorista)","IGIC 20% Com.Minorista","sale","20% G CMino Can","IGIC 20% (Comercio Minorista)","IGIC 20% (Comercio Minorista)","14.0","percent","tax_group_igic_cmino","","sujeto","","","consu","","base","","invoice","","","",""
"","","","","","","","","","","","","","","","","","tax","","invoice","account_common_canary_4777","","",""
"","","","","","","","","","","","","","","","","","base","","refund","","","",""
"","","","","","","","","","","","","","","","","","tax","","refund","account_common_canary_4777","","",""
"account_tax_template_p_igic20_cmino_bc","0","IGIC 20% Soportado (Comercio Minorista)","IGIC 20% Com.Minorista","purchase","20% G INC CMino Can","20% IGIC soportado (Comercio Minorista)","20% IGIC (Comercio Minorista)","14.0","percent","tax_group_igic_cmino","","sujeto","","","consu","","base","","invoice","","","",""
"","","","","","","","","","","","","","","","","","tax","","invoice","account_common_canary_4727","","",""
"","","","","","","","","","","","","","","","","","base","","refund","","","",""
"","","","","","","","","","","","","","","","","","tax","","refund","account_common_canary_4727","","",""

"account_tax_template_p_igic0_inv_bc","0","IGIC 0% Soportado (Operaciones de Inversión)","IGIC 0% Op.Inversión","purchase","0% G INC Inv Can","0% IGIC soportado (Operaciones de Inversión)","0% IGIC (Operaciones de Inversión)","0.0","percent","tax_group_igic_0","","sujeto","","","consu","","base","","invoice","","","",""
"","","","","","","","","","","","","","","","","","tax","","invoice","account_common_canary_4727","","",""
"","","","","","","","","","","","","","","","","","base","","refund","","","",""
"","","","","","","","","","","","","","","","","","tax","","refund","account_common_canary_4727","","",""

"account_tax_template_p_igic3_inv_bc","0","IGIC 3% Soportado (Operaciones de Inversión)","IGIC 3% Op.Inversión","purchase","3% G INC Inv Can","3% IGIC soportado (Operaciones de Inversión)","3% IGIC (Operaciones de Inversión)","3.0","percent","tax_group_igic_3","","sujeto","","","consu","","base","","invoice","","","",""
"","","","","","","","","","","","","","","","","","tax","","invoice","account_common_canary_4727","","",""
"","","","","","","","","","","","","","","","","","base","","refund","","","",""
"","","","","","","","","","","","","","","","","","tax","","refund","account_common_canary_4727","","",""

"account_tax_template_p_igic7_inv_bc","0","IGIC 7% Soportado (Operaciones de Inversión)","IGIC 7% Op.Inversión","purchase","7% G INC Inv Can","7% IGIC soportado (Operaciones de Inversión)","7% IGIC (Operaciones de Inversión)","7.0","percent","tax_group_igic_7","","sujeto","","","consu","","base","","invoice","","","",""
"","","","","","","","","","","","","","","","","","tax","","invoice","account_common_canary_4727","","",""
"","","","","","","","","","","","","","","","","","base","","refund","","","",""
"","","","","","","","","","","","","","","","","","tax","","refund","account_common_canary_4727","","",""

"account_tax_template_p_igic95_inv_bc","0","IGIC 9,5% Soportado (Operaciones de Inversión)","IGIC 9,5% Op.Inversión","purchase","9,5% G INC Inv Can","9,5% IGIC soportado (Operaciones de Inversión)","9,5% IGIC (Operaciones de Inversión)","9.5","percent","tax_group_igic_95","","sujeto","","","consu","","base","","invoice","","","",""
"","","","","","","","","","","","","","","","","","tax","","invoice","account_common_canary_4727","","",""
"","","","","","","","","","","","","","","","","","base","","refund","","","",""
"","","","","","","","","","","","","","","","","","tax","","refund","account_common_canary_4727","","",""

"account_tax_template_p_igic15_inv_bc","0","IGIC 15% Soportado (Operaciones de Inversión)","IGIC 15% Op.Inversión","purchase","15% G INC Inv Can","15% IGIC soportado (Operaciones de Inversión)","15% IGIC (Operaciones de Inversión)","15.0","percent","tax_group_igic_15","","sujeto","","","consu","","base","","invoice","","","",""
"","","","","","","","","","","","","","","","","","tax","","invoice","account_common_canary_4727","","",""
"","","","","","","","","","","","","","","","","","base","","refund","","","",""
"","","","","","","","","","","","","","","","","","tax","","refund","account_common_canary_4727","","",""

"account_tax_template_p_igic20_inv_bc","0","IGIC 20% Soportado (Operaciones de Inversión)","IGIC 20% Op.Inversión","purchase","20% G INC Inv Can","20% IGIC soportado (Operaciones de Inversión)","20% IGIC (Operaciones de Inversión)","20.0","percent","tax_group_igic_20","","sujeto","","","consu","","base","","invoice","","","",""
"","","","","","","","","","","","","","","","","","tax","","invoice","account_common_canary_4727","","",""
"","","","","","","","","","","","","","","","","","base","","refund","","","",""
"","","","","","","","","","","","","","","","","","tax","","refund","account_common_canary_4727","","",""

"account_tax_template_p_igic0_imp_bc","0","IGIC 0% Importaciones (Operaciones corrientes)","IGIC 0% Op.Importación","purchase","0% G INC Imp Can","0% IGIC Importaciones (Operaciones corrientes)","0% IGIC Importaciones (Operaciones corrientes)","0.0","percent","tax_group_igic_0","","sujeto","","","consu","","base","","invoice","","","",""
"","","","","","","","","","","","","","","","","","tax","","invoice","account_common_canary_4727","","",""
"","","","","","","","","","","","","","","","","","base","","refund","","","",""
"","","","","","","","","","","","","","","","","","tax","","refund","account_common_canary_4727","","",""

"account_tax_template_p_igic3_imp_bc","0","IGIC 3% Importaciones (Operaciones corrientes)","IGIC 3% Op.Importación","purchase","3% G INC Imp Can","3% IGIC Importaciones (Operaciones corrientes)","3% IGIC Importaciones (Operaciones corrientes)","3.0","percent","tax_group_igic_3","","sujeto","","","consu","","base","","invoice","","","",""
"","","","","","","","","","","","","","","","","","tax","","invoice","account_common_canary_4727","","",""
"","","","","","","","","","","","","","","","","","base","","refund","","","",""
"","","","","","","","","","","","","","","","","","tax","","refund","account_common_canary_4727","","",""

"account_tax_template_p_igic7_imp_bc","0","IGIC 7% Importaciones (Operaciones corrientes)","IGIC 7% Op.Importación","purchase","7% G INC Imp Can","7% IGIC Importaciones (Operaciones corrientes)","7% IGIC Importaciones (Operaciones corrientes)","7.0","percent","tax_group_igic_7","","sujeto","","","consu","","base","","invoice","","","",""
"","","","","","","","","","","","","","","","","","tax","","invoice","account_common_canary_4727","","",""
"","","","","","","","","","","","","","","","","","base","","refund","","","",""
"","","","","","","","","","","","","","","","","","tax","","refund","account_common_canary_4727","","",""

"account_tax_template_p_igic95_imp_bc","0","IGIC 9,5% Importaciones (Operaciones corrientes)","IGIC 9,5% Op.Importación","purchase","9,5% G INC Imp Can","9,5% IGIC Importaciones (Operaciones corrientes)","9,5% IGIC Importaciones (Operaciones corrientes)","9.5","percent","tax_group_igic_95","","sujeto","","","consu","","base","","invoice","","","",""
"","","","","","","","","","","","","","","","","","tax","","invoice","account_common_canary_4727","","",""
"","","","","","","","","","","","","","","","","","base","","refund","","","",""
"","","","","","","","","","","","","","","","","","tax","","refund","account_common_canary_4727","","",""

"account_tax_template_p_igic15_imp_bc","0","IGIC 15% Importaciones (Operaciones corrientes)","IGIC 15% Op.Importación","purchase","15% G INC Imp Can","15% IGIC Importaciones (Operaciones corrientes)","15% IGIC Importaciones (Operaciones corrientes)","15.0","percent","tax_group_igic_15","","sujeto","","","consu","","base","","invoice","","","",""
"","","","","","","","","","","","","","","","","","tax","","invoice","account_common_canary_4727","","",""
"","","","","","","","","","","","","","","","","","base","","refund","","","",""
"","","","","","","","","","","","","","","","","","tax","","refund","account_common_canary_4727","","",""

"account_tax_template_p_igic20_imp_bc","0","IGIC 20% Importaciones (Operaciones corrientes)","IGIC 20% Op.Importación","purchase","20% G INC Imp Can","20% IGIC Importaciones (Operaciones corrientes)","20% IGIC Importaciones (Operaciones corrientes)","20.0","percent","tax_group_igic_20","","sujeto","","","consu","","base","","invoice","","","",""
"","","","","","","","","","","","","","","","","","tax","","invoice","account_common_canary_4727","","",""
"","","","","","","","","","","","","","","","","","base","","refund","","","",""
"","","","","","","","","","","","","","","","","","tax","","refund","account_common_canary_4727","","",""

"account_tax_template_p_igic0_imp_inv_bc","0","IGIC 0% Importaciones (Operaciones de inversión)","IGIC 0% Imp.de Inversión","purchase","0% G INC Imp Inv Can","0% IGIC Importaciones (Operaciones de inversión)","0% IGIC Importaciones (Operaciones de inversión)","0.0","percent","tax_group_igic_0","","sujeto","","","consu","","base","","invoice","","","",""
"","","","","","","","","","","","","","","","","","tax","","invoice","account_common_canary_4727","","",""
"","","","","","","","","","","","","","","","","","base","","refund","","","",""
"","","","","","","","","","","","","","","","","","tax","","refund","account_common_canary_4727","","",""

"account_tax_template_p_igic3_imp_inv_bc","0","IGIC 3% Importaciones (Operaciones de inversión)","IGIC 3% Imp.de Inversión","purchase","3% G INC Imp Inv Can","3% IGIC Importaciones (Operaciones de inversión)","3% IGIC Importaciones (Operaciones de inversión)","3.0","percent","tax_group_igic_3","","sujeto","","","consu","","base","","invoice","","","",""
"","","","","","","","","","","","","","","","","","tax","","invoice","account_common_canary_4727","","",""
"","","","","","","","","","","","","","","","","","base","","refund","","","",""
"","","","","","","","","","","","","","","","","","tax","","refund","account_common_canary_4727","","",""

"account_tax_template_p_igic7_imp_inv_bc","0","IGIC 7% Importaciones (Operaciones de inversión)","IGIC 7% Imp.de Inversión","purchase","7% G INC Imp Inv Can","7% IGIC Importaciones (Operaciones de inversión)","7% IGIC Importaciones (Operaciones de inversión)","7.0","percent","tax_group_igic_7","","sujeto","","","consu","","base","","invoice","","","",""
"","","","","","","","","","","","","","","","","","tax","","invoice","account_common_canary_4727","","",""
"","","","","","","","","","","","","","","","","","base","","refund","","","",""
"","","","","","","","","","","","","","","","","","tax","","refund","account_common_canary_4727","","",""

"account_tax_template_p_igic95_imp_inv_bc","0","IGIC 9,5% Importaciones (Operaciones de inversión)","IGIC 9,5% Imp.de Inversión","purchase","9,5% G INC Imp Inv Can","9,5% IGIC Importaciones (Operaciones de inversión)","9,5% IGIC Importaciones (Operaciones de inversión)","9.5","percent","tax_group_igic_95","","sujeto","","","consu","","base","","invoice","","","",""
"","","","","","","","","","","","","","","","","","tax","","invoice","account_common_canary_4727","","",""
"","","","","","","","","","","","","","","","","","base","","refund","","","",""
"","","","","","","","","","","","","","","","","","tax","","refund","account_common_canary_4727","","",""

"account_tax_template_p_igic15_imp_inv_bc","0","IGIC 15% Importaciones (Operaciones de inversión)","IGIC 15% Imp.de Inversión","purchase","15% G INC Imp Inv Can","15% IGIC Importaciones (Operaciones de inversión)","15% IGIC Importaciones (Operaciones de inversión)","15.0","percent","tax_group_igic_15","","sujeto","","","consu","","base","","invoice","","","",""
"","","","","","","","","","","","","","","","","","tax","","invoice","account_common_canary_4727","","",""
"","","","","","","","","","","","","","","","","","base","","refund","","","",""
"","","","","","","","","","","","","","","","","","tax","","refund","account_common_canary_4727","","",""

"account_tax_template_p_igic20_imp_inv_bc","0","IGIC 20% Importaciones (Operaciones de inversión)","IGIC 20% Imp.de Inversión","purchase","20% G INC Imp Inv Can","20% IGIC Importaciones (Operaciones de inversión)","20% IGIC Importaciones (Operaciones de inversión)","20.0","percent","tax_group_igic_20","","sujeto","","","consu","","base","","invoice","","","",""
"","","","","","","","","","","","","","","","","","tax","","invoice","account_common_canary_4727","","",""
"","","","","","","","","","","","","","","","","","base","","refund","","","",""
"","","","","","","","","","","","","","","","","","tax","","refund","account_common_canary_4727","","",""

"account_tax_template_p_igic0_re_bc","0","IGIC 0% Compras (Recargo a la importación)","IGIC 0% Recargo Imp.","purchase","0% G INC Re.Imp Can","0% IGIC Compras (Recargo a la importación)","0% IGIC Compras (Recargo a la importación)","0.0","percent","tax_group_igic_re_0","","sujeto","","","consu","","base","","invoice","","","",""
"","","","","","","","","","","","","","","","","","tax","","invoice","account_common_canary_4727","","",""
"","","","","","","","","","","","","","","","","","base","","refund","","","",""
"","","","","","","","","","","","","","","","","","tax","","refund","account_common_canary_4727","","",""

"account_tax_template_p_igic03_re_bc","0","IGIC 0,3% Compras (Recargo a la importación)","IGIC 0,3% Recargo Imp.","purchase","0,3% G INC Re.Imp Can","0,3% IGIC Compras (Recargo a la importación)","0,3% IGIC Compras (Recargo a la importación)","0.3","percent","tax_group_igic_re_03","","sujeto","","","consu","","base","","invoice","","","",""
"","","","","","","","","","","","","","","","","","tax","","invoice","account_common_canary_4727","","",""
"","","","","","","","","","","","","","","","","","base","","refund","","","",""
"","","","","","","","","","","","","","","","","","tax","","refund","account_common_canary_4727","","",""

"account_tax_template_p_igic07_re_bc","0","IGIC 0,7% Compras (Recargo a la importación)","IGIC 0,7% Recargo Imp.","purchase","0,7% G INC Re.Imp Can","0,7% IGIC Compras (Recargo a la importación)","0,7% IGIC Compras (Recargo a la importación)","0.7","percent","tax_group_igic_re_07","","sujeto","","","consu","","base","","invoice","","","",""
"","","","","","","","","","","","","","","","","","tax","","invoice","account_common_canary_4727","","",""
"","","","","","","","","","","","","","","","","","base","","refund","","","",""
"","","","","","","","","","","","","","","","","","tax","","refund","account_common_canary_4727","","",""

"account_tax_template_p_igic095_re_bc","0","IGIC 0,95% Compras (Recargo a la importación)","IGIC 0,95% Recargo Imp.","purchase","0,95% G INC Re.Imp Can","0,95% IGIC Compras (Recargo a la importación)","0,95% IGIC Compras (Recargo a la importación)","0.95","percent","tax_group_igic_re_095","","sujeto","","","consu","","base","","invoice","","","",""
"","","","","","","","","","","","","","","","","","tax","","invoice","account_common_canary_4727","","",""
"","","","","","","","","","","","","","","","","","base","","refund","","","",""
"","","","","","","","","","","","","","","","","","tax","","refund","account_common_canary_4727","","",""

"account_tax_template_p_igic15_re_bc","0","IGIC 1,5% Compras (Recargo a la importación)","IGIC 1,5% Recargo Imp.","purchase","1,5% G INC Re.Imp Can","1,5% IGIC Compras (Recargo a la importación)","1,5% IGIC Compras (Recargo a la importación)","1.5","percent","tax_group_igic_re_15","","sujeto","","","consu","","base","","invoice","","","",""
"","","","","","","","","","","","","","","","","","tax","","invoice","account_common_canary_4727","","",""
"","","","","","","","","","","","","","","","","","base","","refund","","","",""
"","","","","","","","","","","","","","","","","","tax","","refund","account_common_canary_4727","","",""

"account_tax_template_p_igic20_re_bc","0","IGIC 2,0% Compras (Recargo a la importación)","IGIC 2,0% Recargo Imp.","purchase","2,0% G INC Re.Imp Can","2,0% IGIC Compras (Recargo a la importación)","2,0% IGIC Compras (Recargo a la importación)","2.0","percent","tax_group_igic_re_20","","sujeto","","","consu","","base","","invoice","","","",""
"","","","","","","","","","","","","","","","","","tax","","invoice","account_common_canary_4727","","",""
"","","","","","","","","","","","","","","","","","base","","refund","","","",""
"","","","","","","","","","","","","","","","","","tax","","refund","account_common_canary_4727","","",""





"account_tax_template_s_igic0s","","IGIC 0% (Servicios)","IGIC 0%","sale","0% S Can","IGIC 0% (Servicios)","IGIC 0% (serveis)","0.0","percent","tax_group_igic_0","","sujeto","","","service","","base","","invoice","","","",""
"","","","","","","","","","","","","","","","","","tax","","invoice","account_common_canary_4777","","",""
"","","","","","","","","","","","","","","","","","base","","refund","","","",""
"","","","","","","","","","","","","","","","","","tax","","refund","account_common_canary_4777","","",""
"account_tax_template_p_igic0_sc","","IGIC 0% (Servicios)","IGIC 0%","purchase","0% S INC Can","0% IGIC soportado (servicios corrientes)","0% IGIC suportat (serveis corrents)","0.0","percent","tax_group_igic_0","","sujeto","","","service","","base","","invoice","","","",""
"","","","","","","","","","","","","","","","","","tax","","invoice","account_common_canary_4727","","",""
"","","","","","","","","","","","","","","","","","base","","refund","","","",""
"","","","","","","","","","","","","","","","","","tax","","refund","account_common_canary_4727","","",""

"account_tax_template_s_igic3s","","IGIC 3% (Servicios)","IGIC 3%","sale","3% S Can","IGIC 3% (Servicios)","IGIC 3% (serveis)","3.0","percent","tax_group_igic_3","","sujeto","","","service","","base","","invoice","","","",""
"","","","","","","","","","","","","","","","","","tax","","invoice","account_common_canary_4777","","",""
"","","","","","","","","","","","","","","","","","base","","refund","","","",""
"","","","","","","","","","","","","","","","","","tax","","refund","account_common_canary_4777","","",""
"account_tax_template_p_igic3_sc","","IGIC 3% (Servicios)","IGIC 3%","purchase","3% S INC Can","3% IGIC soportado (servicios corrientes)","3% IGIC suportat (serveis corrents)","3.0","percent","tax_group_igic_3","","sujeto","","","service","","base","","invoice","","","",""
"","","","","","","","","","","","","","","","","","tax","","invoice","account_common_canary_4727","","",""
"","","","","","","","","","","","","","","","","","base","","refund","","","",""
"","","","","","","","","","","","","","","","","","tax","","refund","account_common_canary_4727","","",""

"account_tax_template_s_igic7s","","IGIC 7% (Servicios)","IGIC 7%","sale","7% S Can","IGIC 7% (Servicios)","IGIC 7% (serveis)","7.0","percent","tax_group_igic_7","","sujeto","","","service","","base","","invoice","","","",""
"","","","","","","","","","","","","","","","","","tax","","invoice","account_common_canary_4777","","",""
"","","","","","","","","","","","","","","","","","base","","refund","","","",""
"","","","","","","","","","","","","","","","","","tax","","refund","account_common_canary_4777","","",""
"account_tax_template_p_igic7_sc","","IGIC 7% (Servicios)","IGIC 7%","purchase","7% S INC Can","7% IGIC soportado (servicios corrientes)","7% IGIC suportat (serveis corrents)","7.0","percent","tax_group_igic_7","","sujeto","","","service","","base","","invoice","","","",""
"","","","","","","","","","","","","","","","","","tax","","invoice","account_common_canary_4727","","",""
"","","","","","","","","","","","","","","","","","base","","refund","","","",""
"","","","","","","","","","","","","","","","","","tax","","refund","account_common_canary_4727","","",""

"account_tax_template_s_igic95s","","IGIC 9,5% (Servicios)","IGIC 9,5%","sale","9,5% S Can","IGIC 9,5% (Servicios)","IGIC 9,5% (serveis)","9.5","percent","tax_group_igic_95","","sujeto","","","service","","base","","invoice","","","",""
"","","","","","","","","","","","","","","","","","tax","","invoice","account_common_canary_4777","","",""
"","","","","","","","","","","","","","","","","","base","","refund","","","",""
"","","","","","","","","","","","","","","","","","tax","","refund","account_common_canary_4777","","",""
"account_tax_template_p_igic95_sc","","IGIC 9,5% (Servicios)","IGIC 9,5%","purchase","9,5% S INC Can","9,5% IGIC soportado (servicios corrientes)","9,5% IGIC suportat (serveis corrents)","9.5","percent","tax_group_igic_95","","sujeto","","","service","","base","","invoice","","","",""
"","","","","","","","","","","","","","","","","","tax","","invoice","account_common_canary_4727","","",""
"","","","","","","","","","","","","","","","","","base","","refund","","","",""
"","","","","","","","","","","","","","","","","","tax","","refund","account_common_canary_4727","","",""

"account_tax_template_s_igic15s","","IGIC 15% (Servicios)","IGIC 15%","sale","15% S Can","IGIC 15% (Servicios)","IGIC 15% (serveis)","15.0","percent","tax_group_igic_15","","sujeto","","","service","","base","","invoice","","","",""
"","","","","","","","","","","","","","","","","","tax","","invoice","account_common_canary_4777","","",""
"","","","","","","","","","","","","","","","","","base","","refund","","","",""
"","","","","","","","","","","","","","","","","","tax","","refund","account_common_canary_4777","","",""
"account_tax_template_p_igic15_sc","","IGIC 15% (Servicios)","IGIC 15%","purchase","15% S INC Can","15% IGIC soportado (servicios corrientes)","15% IGIC suportat (serveis corrents)","15.0","percent","tax_group_igic_15","","sujeto","","","service","","base","","invoice","","","",""
"","","","","","","","","","","","","","","","","","tax","","invoice","account_common_canary_4727","","",""
"","","","","","","","","","","","","","","","","","base","","refund","","","",""
"","","","","","","","","","","","","","","","","","tax","","refund","account_common_canary_4727","","",""

"account_tax_template_s_igic20s","","IGIC 20% (Servicios)","IGIC 20%","sale","20% S Can","IGIC 20% (Servicios)","IGIC 20% (serveis)","20.0","percent","tax_group_igic_20","","sujeto","","","service","","base","","invoice","","","",""
"","","","","","","","","","","","","","","","","","tax","","invoice","account_common_canary_4777","","",""
"","","","","","","","","","","","","","","","","","base","","refund","","","",""
"","","","","","","","","","","","","","","","","","tax","","refund","account_common_canary_4777","","",""
"account_tax_template_p_igic20_sc","","IGIC 20% (Servicios)","IGIC 20%","purchase","20% S INC Can","20% IGIC soportado (servicios corrientes)","20% IGIC suportat (serveis corrents)","20.0","percent","tax_group_igic_20","","sujeto","","","service","","base","","invoice","","","",""
"","","","","","","","","","","","","","","","","","tax","","invoice","account_common_canary_4727","","",""
"","","","","","","","","","","","","","","","","","base","","refund","","","",""
"","","","","","","","","","","","","","","","","","tax","","refund","account_common_canary_4727","","",""
